game_date,sport,player_name,player_name_norm,participant_name,participant_name_norm,participant_id,participant_source_id,participant_source_id_type,participant_source_key,participant_join_key,market_key,market_family,bookmaker,bookmaker_key,side,side_norm,line,price,event_id,market_selection_key,market_offer_key,commence_time,selection_rule,source,pulled_at,snapshot_type,is_closing_line,snapshot_rank
2026-05-24,MLB,bryan woo,bryan woo,bryan woo,bryan woo,mlbam_player:693433,693433,mlbam_player,mlbam_player:693433,mlbam_player:693433,pitcher_strikeouts,player_prop,BetMGM,betmgm,over,over,4.5,-165,0c7eacfb6fcc01d117cceb47c958a392,MLB|pitcher_strikeouts|name:bryan woo|over|4.5,MLB|pitcher_strikeouts|name:bryan woo|over|4.5|betmgm,,official_pick_recorded_line_per_game_player_book_side,official_picks_history_selected_lines,,official_pick_record,False,1
2026-05-24,MLB,michael king,michael king,michael king,michael king,mlbam_player:650633,650633,mlbam_player,mlbam_player:650633,mlbam_player:650633,pitcher_strikeouts,player_prop,BetMGM,betmgm,under,under,6.5,-160,36c39001c1807b1162a5ddb493c32855,MLB|pitcher_strikeouts|name:michael king|under|6.5,MLB|pitcher_strikeouts|name:michael king|under|6.5|betmgm,,official_pick_recorded_line_per_game_player_book_side,official_picks_history_selected_lines,,official_pick_record,False,1
2026-05-24,MLB,reid detmers,reid detmers,reid detmers,reid detmers,mlbam_player:672282,672282,mlbam_player,mlbam_player:672282,mlbam_player:672282,pitcher_strikeouts,player_prop,DraftKings,draftkings,under,under,6.5,102,65d8670f338a88af5bde23a17924de49,MLB|pitcher_strikeouts|name:reid detmers|under|6.5,MLB|pitcher_strikeouts|name:reid detmers|under|6.5|draftkings,,official_pick_recorded_line_per_game_player_book_side,official_picks_history_selected_lines,,official_pick_record,False,1
2026-05-23,MLB,george kirby,george kirby,george kirby,george kirby,mlbam_player:669923,669923,mlbam_player,mlbam_player:669923,mlbam_player:669923,pitcher_strikeouts,player_prop,BetMGM,betmgm,over,over,4.5,-150,203ad61a573433f885122e8811cd8350,MLB|pitcher_strikeouts|name:george kirby|over|4.5,MLB|pitcher_strikeouts|name:george kirby|over|4.5|betmgm,,official_pick_recorded_line_per_game_player_book_side,official_picks_history_selected_lines,,official_pick_record,False,1
2026-05-23,MLB,roki sasaki,roki sasaki,roki sasaki,roki sasaki,mlbam_player:808963,808963,mlbam_player,mlbam_player:808963,mlbam_player:808963,pitcher_strikeouts,player_prop,DraftKings,draftkings,under,under,5.5,-149,e8edd4604077b2fc638f1b2e3db08545,MLB|pitcher_strikeouts|name:roki sasaki|under|5.5,MLB|pitcher_strikeouts|name:roki sasaki|under|5.5|draftkings,,official_pick_recorded_line_per_game_player_book_side,official_picks_history_selected_lines,,official_pick_record,False,1
2026-05-23,MLB,zack wheeler,zack wheeler,zack wheeler,zack wheeler,mlbam_player:554430,554430,mlbam_player,mlbam_player:554430,mlbam_player:554430,pitcher_strikeouts,player_prop,FanDuel,fanduel,over,over,5.5,-124,bb14f988c4cc921c1b5286bf757183f6,MLB|pitcher_strikeouts|name:zack wheeler|over|5.5,MLB|pitcher_strikeouts|name:zack wheeler|over|5.5|fanduel,,official_pick_recorded_line_per_game_player_book_side,official_picks_history_selected_lines,,official_pick_record,False,1
2026-05-22,MLB,michael soroka,michael soroka,michael soroka,michael soroka,mlbam_player:647336,647336,mlbam_player,mlbam_player:647336,mlbam_player:647336,pitcher_strikeouts,player_prop,BetMGM,betmgm,under,under,6.5,-155,9a684c8b4ec22835fc3fd145e7796370,MLB|pitcher_strikeouts|name:michael soroka|under|6.5,MLB|pitcher_strikeouts|name:michael soroka|under|6.5|betmgm,,official_pick_recorded_line_per_game_player_book_side,official_picks_history_selected_lines,,official_pick_record,False,1
2026-05-22,MLB,tomoyuki sugano,tomoyuki sugano,tomoyuki sugano,tomoyuki sugano,mlbam_player:608372,608372,mlbam_player,mlbam_player:608372,mlbam_player:608372,pitcher_strikeouts,player_prop,DraftKings,draftkings,over,over,2.5,108,9a684c8b4ec22835fc3fd145e7796370,MLB|pitcher_strikeouts|name:tomoyuki sugano|over|2.5,MLB|pitcher_strikeouts|name:tomoyuki sugano|over|2.5|draftkings,,official_pick_recorded_line_per_game_player_book_side,official_picks_history_selected_lines,,official_pick_record,False,1
2026-05-22,MLB,grayson rodriguez,grayson rodriguez,grayson rodriguez,grayson rodriguez,mlbam_player:680570,680570,mlbam_player,mlbam_player:680570,mlbam_player:680570,pitcher_strikeouts,player_prop,FanDuel,fanduel,over,over,4.5,-176,35a7408a1687fdea6b7052d86f74cdb5,MLB|pitcher_strikeouts|name:grayson rodriguez|over|4.5,MLB|pitcher_strikeouts|name:grayson rodriguez|over|4.5|fanduel,,official_pick_recorded_line_per_game_player_book_side,official_picks_history_selected_lines,,official_pick_record,False,1
2026-05-21,MLB,casey mize,casey mize,casey mize,casey mize,mlbam_player:663554,663554,mlbam_player,mlbam_player:663554,mlbam_player:663554,pitcher_strikeouts,player_prop,FanDuel,fanduel,over,over,4.5,-105,427339d860a9d7bf7b2075fa02850c56,MLB|pitcher_strikeouts|name:casey mize|over|4.5,MLB|pitcher_strikeouts|name:casey mize|over|4.5|fanduel,,official_pick_recorded_line_per_game_player_book_side,official_picks_history_selected_lines,,official_pick_record,False,1
2026-05-21,MLB,spencer strider,spencer strider,spencer strider,spencer strider,mlbam_player:675911,675911,mlbam_player,mlbam_player:675911,mlbam_player:675911,pitcher_strikeouts,player_prop,BetMGM,betmgm,under,under,5.5,110,fa85c6e14d2b480b97a6f0004286ec0b,MLB|pitcher_strikeouts|name:spencer strider|under|5.5,MLB|pitcher_strikeouts|name:spencer strider|under|5.5|betmgm,,official_pick_recorded_line_per_game_player_book_side,official_picks_history_selected_lines,,official_pick_record,False,1
2026-05-21,MLB,sandy alcantara,sandy alcantara,sandy alcantara,sandy alcantara,mlbam_player:645261,645261,mlbam_player,mlbam_player:645261,mlbam_player:645261,pitcher_strikeouts,player_prop,BetMGM,betmgm,over,over,4.5,-130,fa85c6e14d2b480b97a6f0004286ec0b,MLB|pitcher_strikeouts|name:sandy alcantara|over|4.5,MLB|pitcher_strikeouts|name:sandy alcantara|over|4.5|betmgm,,official_pick_recorded_line_per_game_player_book_side,official_picks_history_selected_lines,,official_pick_record,False,1
2026-05-20,MLB,emerson hancock,emerson hancock,emerson hancock,emerson hancock,mlbam_player:676106,676106,mlbam_player,mlbam_player:676106,mlbam_player:676106,pitcher_strikeouts,player_prop,FanDuel,fanduel,under,under,5.5,112,b0078538407a959dc03f5469df863662,MLB|pitcher_strikeouts|name:emerson hancock|under|5.5,MLB|pitcher_strikeouts|name:emerson hancock|under|5.5|fanduel,,official_pick_recorded_line_per_game_player_book_side,official_picks_history_selected_lines,,official_pick_record,False,1
2026-05-20,MLB,chris sale,chris sale,chris sale,chris sale,mlbam_player:519242,519242,mlbam_player,mlbam_player:519242,mlbam_player:519242,pitcher_strikeouts,player_prop,BetMGM,betmgm,under,under,7.5,-115,ce352adc7aae36822a5575bb25b54ff8,MLB|pitcher_strikeouts|name:chris sale|under|7.5,MLB|pitcher_strikeouts|name:chris sale|under|7.5|betmgm,,official_pick_recorded_line_per_game_player_book_side,official_picks_history_selected_lines,,official_pick_record,False,1
2026-05-19,MLB,kyle bradish,kyle bradish,kyle bradish,kyle bradish,mlbam_player:680694,680694,mlbam_player,mlbam_player:680694,mlbam_player:680694,pitcher_strikeouts,player_prop,BetMGM,betmgm,over,over,4.5,-165,c974a8cecb0d3237e2c78f1920c5eaf3,MLB|pitcher_strikeouts|name:kyle bradish|over|4.5,MLB|pitcher_strikeouts|name:kyle bradish|over|4.5|betmgm,,official_pick_recorded_line_per_game_player_book_side,official_picks_history_selected_lines,,official_pick_record,False,1
2026-05-19,MLB,jacob misiorowski,jacob misiorowski,jacob misiorowski,jacob misiorowski,mlbam_player:694819,694819,mlbam_player,mlbam_player:694819,mlbam_player:694819,pitcher_strikeouts,player_prop,DraftKings,draftkings,under,under,7.5,-130,a1ca821baa20137a228b1dff8e70c21d,MLB|pitcher_strikeouts|name:jacob misiorowski|under|7.5,MLB|pitcher_strikeouts|name:jacob misiorowski|under|7.5|draftkings,,official_pick_recorded_line_per_game_player_book_side,official_picks_history_selected_lines,,official_pick_record,False,1
2026-05-19,MLB,reid detmers,reid detmers,reid detmers,reid detmers,mlbam_player:672282,672282,mlbam_player,mlbam_player:672282,mlbam_player:672282,pitcher_strikeouts,player_prop,DraftKings,draftkings,under,under,6.5,-108,36672faae36a4b8104686a4a2068f311,MLB|pitcher_strikeouts|name:reid detmers|under|6.5,MLB|pitcher_strikeouts|name:reid detmers|under|6.5|draftkings,,official_pick_recorded_line_per_game_player_book_side,official_picks_history_selected_lines,,official_pick_record,False,1
2026-05-18,MLB,sonny gray,sonny gray,sonny gray,sonny gray,mlbam_player:543243,543243,mlbam_player,mlbam_player:543243,mlbam_player:543243,pitcher_strikeouts,player_prop,FanDuel,fanduel,over,over,3.5,-178,82ca2e0ae47260f1183ee3abf8a69169,MLB|pitcher_strikeouts|name:sonny gray|over|3.5,MLB|pitcher_strikeouts|name:sonny gray|over|3.5|fanduel,,official_pick_recorded_line_per_game_player_book_side,official_picks_history_selected_lines,,official_pick_record,False,1
2026-05-18,MLB,mackenzie gore,mackenzie gore,mackenzie gore,mackenzie gore,mlbam_player:669022,669022,mlbam_player,mlbam_player:669022,mlbam_player:669022,pitcher_strikeouts,player_prop,BetMGM,betmgm,under,under,6.5,-140,13c307bac70250bed56ce2a649cc492e,MLB|pitcher_strikeouts|name:mackenzie gore|under|6.5,MLB|pitcher_strikeouts|name:mackenzie gore|under|6.5|betmgm,,official_pick_recorded_line_per_game_player_book_side,official_picks_history_selected_lines,,official_pick_record,False,1
2026-05-18,MLB,zac gallen,zac gallen,zac gallen,zac gallen,mlbam_player:668678,668678,mlbam_player,mlbam_player:668678,mlbam_player:668678,pitcher_strikeouts,player_prop,FanDuel,fanduel,over,over,3.5,-154,daf39ff0f5f85b7da76274b743b1ab1f,MLB|pitcher_strikeouts|name:zac gallen|over|3.5,MLB|pitcher_strikeouts|name:zac gallen|over|3.5|fanduel,,official_pick_recorded_line_per_game_player_book_side,official_picks_history_selected_lines,,official_pick_record,False,1
2026-05-17,MLB,adrian houser,adrian houser,adrian houser,adrian houser,mlbam_player:605288,605288,mlbam_player,mlbam_player:605288,mlbam_player:605288,pitcher_strikeouts,player_prop,BetMGM,betmgm,over,over,3.5,-110,b51f77ee601ba774b0fc72ab78459a22,MLB|pitcher_strikeouts|name:adrian houser|over|3.5,MLB|pitcher_strikeouts|name:adrian houser|over|3.5|betmgm,,official_pick_recorded_line_per_game_player_book_side,official_picks_history_selected_lines,,official_pick_record,False,1
2026-05-17,MLB,drew rasmussen,drew rasmussen,drew rasmussen,drew rasmussen,mlbam_player:656876,656876,mlbam_player,mlbam_player:656876,mlbam_player:656876,pitcher_strikeouts,player_prop,DraftKings,draftkings,under,under,5.5,-132,996ae6b240fb1d4c4f902121937d3569,MLB|pitcher_strikeouts|name:drew rasmussen|under|5.5,MLB|pitcher_strikeouts|name:drew rasmussen|under|5.5|draftkings,,official_pick_recorded_line_per_game_player_book_side,official_picks_history_selected_lines,,official_pick_record,False,1
2026-05-17,MLB,peter lambert,peter lambert,peter lambert,peter lambert,mlbam_player:663567,663567,mlbam_player,mlbam_player:663567,mlbam_player:663567,pitcher_strikeouts,player_prop,DraftKings,draftkings,under,under,4.5,117,c4ad12dbd84b0112939a27411ee0bf4d,MLB|pitcher_strikeouts|name:peter lambert|under|4.5,MLB|pitcher_strikeouts|name:peter lambert|under|4.5|draftkings,,official_pick_recorded_line_per_game_player_book_side,official_picks_history_selected_lines,,official_pick_record,False,1
2026-05-16,MLB,bubba chandler,bubba chandler,bubba chandler,bubba chandler,mlbam_player:696149,696149,mlbam_player,mlbam_player:696149,mlbam_player:696149,pitcher_strikeouts,player_prop,DraftKings,draftkings,over,over,4.5,106,2638aded4f2e2359a902072c9d2fba22,MLB|pitcher_strikeouts|name:bubba chandler|over|4.5,MLB|pitcher_strikeouts|name:bubba chandler|over|4.5|draftkings,,official_pick_recorded_line_per_game_player_book_side,official_picks_history_selected_lines,,official_pick_record,False,1
2026-05-16,MLB,casey mize,casey mize,casey mize,casey mize,mlbam_player:663554,663554,mlbam_player,mlbam_player:663554,mlbam_player:663554,pitcher_strikeouts,player_prop,FanDuel,fanduel,over,over,3.5,-148,6b2d5ebb90ade419f4d5c59b95c1b301,MLB|pitcher_strikeouts|name:casey mize|over|3.5,MLB|pitcher_strikeouts|name:casey mize|over|3.5|fanduel,,official_pick_recorded_line_per_game_player_book_side,official_picks_history_selected_lines,,official_pick_record,False,1
2026-05-16,MLB,sandy alcantara,sandy alcantara,sandy alcantara,sandy alcantara,mlbam_player:645261,645261,mlbam_player,mlbam_player:645261,mlbam_player:645261,pitcher_strikeouts,player_prop,DraftKings,draftkings,over,over,4.5,124,c0881b4a195ada00f7db5d84c6cef8b7,MLB|pitcher_strikeouts|name:sandy alcantara|over|4.5,MLB|pitcher_strikeouts|name:sandy alcantara|over|4.5|draftkings,,official_pick_recorded_line_per_game_player_book_side,official_picks_history_selected_lines,,official_pick_record,False,1
2026-05-15,MLB,emerson hancock,emerson hancock,emerson hancock,emerson hancock,mlbam_player:676106,676106,mlbam_player,mlbam_player:676106,mlbam_player:676106,pitcher_strikeouts,player_prop,FanDuel,fanduel,under,under,5.5,-134,919b933a4af691070848a940a7d07a84,MLB|pitcher_strikeouts|name:emerson hancock|under|5.5,MLB|pitcher_strikeouts|name:emerson hancock|under|5.5|fanduel,,official_pick_recorded_line_per_game_player_book_side,official_picks_history_selected_lines,,official_pick_record,False,1
2026-05-15,MLB,spencer strider,spencer strider,spencer strider,spencer strider,mlbam_player:675911,675911,mlbam_player,mlbam_player:675911,mlbam_player:675911,pitcher_strikeouts,player_prop,FanDuel,fanduel,under,under,6.5,-134,0a103297db91d5bd1abf13d04b710c2a,MLB|pitcher_strikeouts|name:spencer strider|under|6.5,MLB|pitcher_strikeouts|name:spencer strider|under|6.5|fanduel,,official_pick_recorded_line_per_game_player_book_side,official_picks_history_selected_lines,,official_pick_record,False,1
2026-05-15,MLB,zack littell,zack littell,zack littell,zack littell,mlbam_player:641793,641793,mlbam_player,mlbam_player:641793,mlbam_player:641793,pitcher_strikeouts,player_prop,DraftKings,draftkings,over,over,3.5,117,44a4350d4a8392d58e49e092bee941e9,MLB|pitcher_strikeouts|name:zack littell|over|3.5,MLB|pitcher_strikeouts|name:zack littell|over|3.5|draftkings,,official_pick_recorded_line_per_game_player_book_side,official_picks_history_selected_lines,,official_pick_record,False,1
2026-05-14,MLB,kyle harrison,kyle harrison,kyle harrison,kyle harrison,mlbam_player:690986,690986,mlbam_player,mlbam_player:690986,mlbam_player:690986,pitcher_strikeouts,player_prop,FanDuel,fanduel,under,under,5.5,114,679760ad793188b79273efa2408440ac,MLB|pitcher_strikeouts|name:kyle harrison|under|5.5,MLB|pitcher_strikeouts|name:kyle harrison|under|5.5|fanduel,,official_pick_recorded_line_per_game_player_book_side,official_picks_history_selected_lines,,official_pick_record,False,1
2026-05-14,MLB,emmet sheehan,emmet sheehan,emmet sheehan,emmet sheehan,mlbam_player:686218,686218,mlbam_player,mlbam_player:686218,mlbam_player:686218,pitcher_strikeouts,player_prop,BetMGM,betmgm,over,over,5.5,-115,bc2f7272b3d5ef426608824387a95824,MLB|pitcher_strikeouts|name:emmet sheehan|over|5.5,MLB|pitcher_strikeouts|name:emmet sheehan|over|5.5|betmgm,,official_pick_recorded_line_per_game_player_book_side,official_picks_history_selected_lines,,official_pick_record,False,1
2026-05-14,MLB,chris sale,chris sale,chris sale,chris sale,mlbam_player:519242,519242,mlbam_player,mlbam_player:519242,mlbam_player:519242,pitcher_strikeouts,player_prop,BetMGM,betmgm,under,under,7.5,-155,797493921ce7c293a19900840d42e2e1,MLB|pitcher_strikeouts|name:chris sale|under|7.5,MLB|pitcher_strikeouts|name:chris sale|under|7.5|betmgm,,official_pick_recorded_line_per_game_player_book_side,official_picks_history_selected_lines,,official_pick_record,False,1
2026-05-13,MLB,simeon woods richardson,simeon woods richardson,simeon woods richardson,simeon woods richardson,mlbam_player:680573,680573,mlbam_player,mlbam_player:680573,mlbam_player:680573,pitcher_strikeouts,player_prop,DraftKings,draftkings,over,over,3.5,-109,18791fe8f5ff31b64bb2cff4f5af59a0,MLB|pitcher_strikeouts|name:simeon woods richardson|over|3.5,MLB|pitcher_strikeouts|name:simeon woods richardson|over|3.5|draftkings,,official_pick_recorded_line_per_game_player_book_side,official_picks_history_selected_lines,,official_pick_record,False,1
2026-05-13,MLB,sonny gray,sonny gray,sonny gray,sonny gray,mlbam_player:543243,543243,mlbam_player,mlbam_player:543243,mlbam_player:543243,pitcher_strikeouts,player_prop,DraftKings,draftkings,over,over,4.5,-110,002b9c5446f97ad6146eb0b6da64db25,MLB|pitcher_strikeouts|name:sonny gray|over|4.5,MLB|pitcher_strikeouts|name:sonny gray|over|4.5|draftkings,,official_pick_recorded_line_per_game_player_book_side,official_picks_history_selected_lines,,official_pick_record,False,1
2026-05-13,MLB,jacob misiorowski,jacob misiorowski,jacob misiorowski,jacob misiorowski,mlbam_player:694819,694819,mlbam_player,mlbam_player:694819,mlbam_player:694819,pitcher_strikeouts,player_prop,DraftKings,draftkings,under,under,7.5,119,15bc05498c54cf822aedf7434d3a8bc6,MLB|pitcher_strikeouts|name:jacob misiorowski|under|7.5,MLB|pitcher_strikeouts|name:jacob misiorowski|under|7.5|draftkings,,official_pick_recorded_line_per_game_player_book_side,official_picks_history_selected_lines,,official_pick_record,False,1
2026-05-12,MLB,michael lorenzen,michael lorenzen,michael lorenzen,michael lorenzen,mlbam_player:547179,547179,mlbam_player,mlbam_player:547179,mlbam_player:547179,pitcher_strikeouts,player_prop,FanDuel,fanduel,over,over,3.5,-138,79fa6c856d2a95ff10cb955ab2d424e2,MLB|pitcher_strikeouts|name:michael lorenzen|over|3.5,MLB|pitcher_strikeouts|name:michael lorenzen|over|3.5|fanduel,,official_pick_recorded_line_per_game_player_book_side,official_picks_history_selected_lines,,official_pick_record,False,1
2026-05-12,MLB,zac gallen,zac gallen,zac gallen,zac gallen,mlbam_player:668678,668678,mlbam_player,mlbam_player:668678,mlbam_player:668678,pitcher_strikeouts,player_prop,BetMGM,betmgm,over,over,4.5,-110,34393ecc2b2d109779095b1d4935225b,MLB|pitcher_strikeouts|name:zac gallen|over|4.5,MLB|pitcher_strikeouts|name:zac gallen|over|4.5|betmgm,,official_pick_recorded_line_per_game_player_book_side,official_picks_history_selected_lines,,official_pick_record,False,1
2026-05-12,MLB,adrian houser,adrian houser,adrian houser,adrian houser,mlbam_player:605288,605288,mlbam_player,mlbam_player:605288,mlbam_player:605288,pitcher_strikeouts,player_prop,BetMGM,betmgm,over,over,3.5,125,a0929cf66d445eec19f118010165e95c,MLB|pitcher_strikeouts|name:adrian houser|over|3.5,MLB|pitcher_strikeouts|name:adrian houser|over|3.5|betmgm,,official_pick_recorded_line_per_game_player_book_side,official_picks_history_selected_lines,,official_pick_record,False,1
2026-05-11,MLB,george kirby,george kirby,george kirby,george kirby,mlbam_player:669923,669923,mlbam_player,mlbam_player:669923,mlbam_player:669923,pitcher_strikeouts,player_prop,DraftKings,draftkings,over,over,5.5,109,80622319ceec1faf47baaee869656e13,MLB|pitcher_strikeouts|name:george kirby|over|5.5,MLB|pitcher_strikeouts|name:george kirby|over|5.5|draftkings,,official_pick_recorded_line_per_game_player_book_side,official_picks_history_selected_lines,,official_pick_record,False,1
2026-05-11,MLB,kevin gausman,kevin gausman,kevin gausman,kevin gausman,mlbam_player:592332,592332,mlbam_player,mlbam_player:592332,mlbam_player:592332,pitcher_strikeouts,player_prop,FanDuel,fanduel,over,over,4.5,-146,8ca76871aa74f5f88b3dba57c6e6e48c,MLB|pitcher_strikeouts|name:kevin gausman|over|4.5,MLB|pitcher_strikeouts|name:kevin gausman|over|4.5|fanduel,,official_pick_recorded_line_per_game_player_book_side,official_picks_history_selected_lines,,official_pick_record,False,1
2026-05-11,MLB,peter lambert,peter lambert,peter lambert,peter lambert,mlbam_player:663567,663567,mlbam_player,mlbam_player:663567,mlbam_player:663567,pitcher_strikeouts,player_prop,DraftKings,draftkings,under,under,4.5,115,80622319ceec1faf47baaee869656e13,MLB|pitcher_strikeouts|name:peter lambert|under|4.5,MLB|pitcher_strikeouts|name:peter lambert|under|4.5|draftkings,,official_pick_recorded_line_per_game_player_book_side,official_picks_history_selected_lines,,official_pick_record,False,1
2026-05-10,MLB,cristopher sanchez,cristopher sanchez,cristopher sanchez,cristopher sanchez,mlbam_player:650911,650911,mlbam_player,mlbam_player:650911,mlbam_player:650911,pitcher_strikeouts,player_prop,DraftKings,draftkings,under,under,7.5,-129,6dd9cd4491079d3cedf1f7d3ff85b358,MLB|pitcher_strikeouts|name:cristopher sanchez|under|7.5,MLB|pitcher_strikeouts|name:cristopher sanchez|under|7.5|draftkings,,official_pick_recorded_line_per_game_player_book_side,official_picks_history_selected_lines,,official_pick_record,False,1
2026-05-10,MLB,luis severino,luis severino,luis severino,luis severino,mlbam_player:622663,622663,mlbam_player,mlbam_player:622663,mlbam_player:622663,pitcher_strikeouts,player_prop,DraftKings,draftkings,over,over,4.5,-148,42a6a833eaecf112c826202eb1d596f9,MLB|pitcher_strikeouts|name:luis severino|over|4.5,MLB|pitcher_strikeouts|name:luis severino|over|4.5|draftkings,,official_pick_recorded_line_per_game_player_book_side,official_picks_history_selected_lines,,official_pick_record,False,1
2026-05-10,MLB,sandy alcantara,sandy alcantara,sandy alcantara,sandy alcantara,mlbam_player:645261,645261,mlbam_player,mlbam_player:645261,mlbam_player:645261,pitcher_strikeouts,player_prop,FanDuel,fanduel,over,over,4.5,-136,2f41717fcce350329e8ac46662be3d88,MLB|pitcher_strikeouts|name:sandy alcantara|over|4.5,MLB|pitcher_strikeouts|name:sandy alcantara|over|4.5|fanduel,,official_pick_recorded_line_per_game_player_book_side,official_picks_history_selected_lines,,official_pick_record,False,1
2026-05-09,MLB,tanner bibee,tanner bibee,tanner bibee,tanner bibee,mlbam_player:676440,676440,mlbam_player,mlbam_player:676440,mlbam_player:676440,pitcher_strikeouts,player_prop,DraftKings,draftkings,over,over,4.5,-156,9fd60ef171dd7d6b753c07fe32aa37f6,MLB|pitcher_strikeouts|name:tanner bibee|over|4.5,MLB|pitcher_strikeouts|name:tanner bibee|over|4.5|draftkings,,official_pick_recorded_line_per_game_player_book_side,official_picks_history_selected_lines,,official_pick_record,False,1
2026-05-09,MLB,landen roupp,landen roupp,landen roupp,landen roupp,mlbam_player:694738,694738,mlbam_player,mlbam_player:694738,mlbam_player:694738,pitcher_strikeouts,player_prop,BetMGM,betmgm,under,under,5.5,115,54ac0c67d3a1921cfede4e125572526e,MLB|pitcher_strikeouts|name:landen roupp|under|5.5,MLB|pitcher_strikeouts|name:landen roupp|under|5.5|betmgm,,official_pick_recorded_line_per_game_player_book_side,official_picks_history_selected_lines,,official_pick_record,False,1
2026-05-09,MLB,blake snell,blake snell,blake snell,blake snell,mlbam_player:605483,605483,mlbam_player,mlbam_player:605483,mlbam_player:605483,pitcher_strikeouts,player_prop,FanDuel,fanduel,over,over,4.5,-148,4e0f5d6412cdfd2b0ade4fee11642753,MLB|pitcher_strikeouts|name:blake snell|over|4.5,MLB|pitcher_strikeouts|name:blake snell|over|4.5|fanduel,,official_pick_recorded_line_per_game_player_book_side,official_picks_history_selected_lines,,official_pick_record,False,1
2026-05-08,MLB,reid detmers,reid detmers,reid detmers,reid detmers,mlbam_player:672282,672282,mlbam_player,mlbam_player:672282,mlbam_player:672282,pitcher_strikeouts,player_prop,BetMGM,betmgm,under,under,5.5,-105,92c3e303601373eee3d37fbb858409af,MLB|pitcher_strikeouts|name:reid detmers|under|5.5,MLB|pitcher_strikeouts|name:reid detmers|under|5.5|betmgm,,official_pick_recorded_line_per_game_player_book_side,official_picks_history_selected_lines,,official_pick_record,False,1
2026-05-08,MLB,jacob misiorowski,jacob misiorowski,jacob misiorowski,jacob misiorowski,mlbam_player:694819,694819,mlbam_player,mlbam_player:694819,mlbam_player:694819,pitcher_strikeouts,player_prop,FanDuel,fanduel,under,under,7.5,104,3d859a4947ba1d62e82366cdebc59d78,MLB|pitcher_strikeouts|name:jacob misiorowski|under|7.5,MLB|pitcher_strikeouts|name:jacob misiorowski|under|7.5|fanduel,,official_pick_recorded_line_per_game_player_book_side,official_picks_history_selected_lines,,official_pick_record,False,1
2026-05-08,MLB,chris sale,chris sale,chris sale,chris sale,mlbam_player:519242,519242,mlbam_player,mlbam_player:519242,mlbam_player:519242,pitcher_strikeouts,player_prop,DraftKings,draftkings,under,under,7.5,-148,9faf187505c47b0f5009cb7d7da5200c,MLB|pitcher_strikeouts|name:chris sale|under|7.5,MLB|pitcher_strikeouts|name:chris sale|under|7.5|draftkings,,official_pick_recorded_line_per_game_player_book_side,official_picks_history_selected_lines,,official_pick_record,False,1
2026-05-07,MLB,JT Ginn,jt ginn,JT Ginn,,,,,,,pitcher_strikeouts,player_prop,FanDuel,,over,over,4.5,110,,,,,official_pick_recorded_line_per_game_player_book_side,official_picks_history_selected_lines,,official_pick_record,False,1
2026-05-07,MLB,Zac Gallen,zac gallen,Zac Gallen,,,,,,,pitcher_strikeouts,player_prop,DraftKings,,over,over,4.5,-119,,,,,official_pick_recorded_line_per_game_player_book_side,official_picks_history_selected_lines,,official_pick_record,False,1
2026-05-07,MLB,Simeon Woods Richardson,simeon woods richardson,Simeon Woods Richardson,,,,,,,pitcher_strikeouts,player_prop,FanDuel,,over,over,3.5,-118,,,,,official_pick_recorded_line_per_game_player_book_side,official_picks_history_selected_lines,,official_pick_record,False,1
2026-05-06,MLB,Adrian Houser,adrian houser,Adrian Houser,,,,,,,pitcher_strikeouts,player_prop,FanDuel,,over,over,3.5,120,,,,,official_pick_recorded_line_per_game_player_book_side,official_picks_history_selected_lines,,official_pick_record,False,1
2026-05-06,MLB,Bryan Woo,bryan woo,Bryan Woo,,,,,,,pitcher_strikeouts,player_prop,BetMGM,,over,over,4.5,-160,,,,,official_pick_recorded_line_per_game_player_book_side,official_picks_history_selected_lines,,official_pick_record,False,1
2026-05-06,MLB,Sonny Gray,sonny gray,Sonny Gray,,,,,,,pitcher_strikeouts,player_prop,DraftKings,,over,over,4.5,108,,,,,official_pick_recorded_line_per_game_player_book_side,official_picks_history_selected_lines,,official_pick_record,False,1
2026-05-05,MLB,Shohei Ohtani,shohei ohtani,Shohei Ohtani,,,,,,,pitcher_strikeouts,player_prop,DraftKings,,under,under,7.5,-152,,,,,official_pick_recorded_line_per_game_player_book_side,official_picks_history_selected_lines,,official_pick_record,False,1
2026-05-05,MLB,Stephen Kolek,stephen kolek,Stephen Kolek,,,,,,,pitcher_strikeouts,player_prop,DraftKings,,over,over,2.5,-157,,,,,official_pick_recorded_line_per_game_player_book_side,official_picks_history_selected_lines,,official_pick_record,False,1
2026-05-05,MLB,Peter Lambert,peter lambert,Peter Lambert,,,,,,,pitcher_strikeouts,player_prop,BetMGM,,under,under,4.5,115,,,,,official_pick_recorded_line_per_game_player_book_side,official_picks_history_selected_lines,,official_pick_record,False,1
2026-05-04,MLB,Yoshinobu Yamamoto,yoshinobu yamamoto,Yoshinobu Yamamoto,,,,,,,pitcher_strikeouts,player_prop,FanDuel,,over,over,5.5,-158,,,,,official_pick_recorded_line_per_game_player_book_side,official_picks_history_selected_lines,,official_pick_record,False,1
2026-05-04,MLB,Logan Gilbert,logan gilbert,Logan Gilbert,,,,,,,pitcher_strikeouts,player_prop,DraftKings,,under,under,6.5,-141,,,,,official_pick_recorded_line_per_game_player_book_side,official_picks_history_selected_lines,,official_pick_record,False,1
2026-05-04,MLB,Chad Patrick,chad patrick,Chad Patrick,,,,,,,pitcher_strikeouts,player_prop,DraftKings,,over,over,3.5,-137,,,,,official_pick_recorded_line_per_game_player_book_side,official_picks_history_selected_lines,,official_pick_record,False,1
2026-05-03,MLB,Merrill Kelly,merrill kelly,Merrill Kelly,,,,,,,pitcher_strikeouts,player_prop,FanDuel,,over,over,3.5,-144,,,,,official_pick_recorded_line_per_game_player_book_side,official_picks_history_selected_lines,,official_pick_record,False,1
2026-05-03,MLB,Kyle Freeland,kyle freeland,Kyle Freeland,,,,,,,pitcher_strikeouts,player_prop,FanDuel,,over,over,3.5,-125,,,,,official_pick_recorded_line_per_game_player_book_side,official_picks_history_selected_lines,,official_pick_record,False,1
2026-05-03,MLB,Jack Leiter,jack leiter,Jack Leiter,,,,,,,pitcher_strikeouts,player_prop,FanDuel,,over,over,4.5,-172,,,,,official_pick_recorded_line_per_game_player_book_side,official_picks_history_selected_lines,,official_pick_record,False,1
2026-05-02,MLB,Chris Sale,chris sale,Chris Sale,,,,,,,pitcher_strikeouts,player_prop,FanDuel,,under,under,7.5,-144,,,,,official_pick_recorded_line_per_game_player_book_side,official_picks_history_selected_lines,,official_pick_record,False,1
2026-05-02,MLB,Sean Burke,sean burke,Sean Burke,,,,,,,pitcher_strikeouts,player_prop,FanDuel,,over,over,3.5,-130,,,,,official_pick_recorded_line_per_game_player_book_side,official_picks_history_selected_lines,,official_pick_record,False,1
2026-05-02,MLB,Reid Detmers,reid detmers,Reid Detmers,,,,,,,pitcher_strikeouts,player_prop,BetMGM,,under,under,6.5,-125,,,,,official_pick_recorded_line_per_game_player_book_side,official_picks_history_selected_lines,,official_pick_record,False,1
2026-05-01,MLB,Simeon Woods Richardson,simeon woods richardson,Simeon Woods Richardson,,,,,,,pitcher_strikeouts,player_prop,DraftKings,,over,over,3.5,-103,,,,,official_pick_recorded_line_per_game_player_book_side,official_picks_history_selected_lines,,official_pick_record,False,1
2026-05-01,MLB,Zac Gallen,zac gallen,Zac Gallen,,,,,,,pitcher_strikeouts,player_prop,FanDuel,,over,over,4.5,116,,,,,official_pick_recorded_line_per_game_player_book_side,official_picks_history_selected_lines,,official_pick_record,False,1
2026-05-01,MLB,JT Ginn,jt ginn,JT Ginn,,,,,,,pitcher_strikeouts,player_prop,BetMGM,,over,over,3.5,-105,,,,,official_pick_recorded_line_per_game_player_book_side,official_picks_history_selected_lines,,official_pick_record,False,1
2026-04-30,MLB,Bryce Elder,bryce elder,Bryce Elder,,,,,,,pitcher_strikeouts,player_prop,DraftKings,,over,over,4.5,-128,,,,,official_pick_recorded_line_per_game_player_book_side,official_picks_history_selected_lines,,official_pick_record,False,1
2026-04-30,MLB,Kevin Gausman,kevin gausman,Kevin Gausman,,,,,,,pitcher_strikeouts,player_prop,BetMGM,,over,over,5.5,-110,,,,,official_pick_recorded_line_per_game_player_book_side,official_picks_history_selected_lines,,official_pick_record,False,1
2026-04-30,MLB,Peter Lambert,peter lambert,Peter Lambert,,,,,,,pitcher_strikeouts,player_prop,BetMGM,,under,under,5.5,-160,,,,,official_pick_recorded_line_per_game_player_book_side,official_picks_history_selected_lines,,official_pick_record,False,1
